id_conseiller,conseiller,id_agence,fonction,anciennete_ans
CO001,Nadia Martinez,AG01,Conseiller patrimonial,21
CO002,Samir Denis,AG01,Conseiller professionnels,18
CO003,Samir Moreau,AG01,Conseiller particuliers,10
CO004,Romain Arnaud,AG01,Conseiller particuliers,15
CO005,Camille Gauthier,AG01,Conseiller particuliers,10
CO006,Mehdi Morin,AG01,Conseiller particuliers,4
CO007,Florian Robin,AG02,Conseiller patrimonial,5
CO008,Thomas Denis,AG02,Conseiller professionnels,7
CO009,Léa Blanc,AG02,Conseiller particuliers,4
CO010,Margaux Masson,AG02,Conseiller particuliers,19
CO011,Clara Nicolas,AG02,Conseiller particuliers,7
CO012,Yasmine Brunet,AG02,Conseiller particuliers,20
CO013,Mathieu Meunier,AG03,Conseiller patrimonial,19
CO014,Quentin Barbier,AG03,Conseiller professionnels,11
CO015,Thomas Meunier,AG03,Conseiller particuliers,6
CO016,Margaux Barbier,AG03,Conseiller particuliers,18
CO017,Laura Clement,AG03,Conseiller particuliers,8
CO018,Romain Lambert,AG04,Conseiller patrimonial,11
CO019,Jade Nicolas,AG04,Conseiller professionnels,9
CO020,Pauline Fournier,AG04,Conseiller particuliers,12
CO021,Nadia Guerin,AG04,Conseiller particuliers,11
CO022,Alexis Dumont,AG04,Conseiller particuliers,7
CO023,Justine Dufour,AG05,Conseiller patrimonial,19
CO024,Zoé Dufour,AG05,Conseiller professionnels,20
CO025,Zoé Gauthier,AG05,Conseiller particuliers,20
CO026,Karim Barbier,AG05,Conseiller particuliers,7
CO027,Chloé Mathieu,AG05,Conseiller particuliers,12
CO028,Nicolas Lemaire,AG05,Conseiller particuliers,18
CO029,Karim Moreau,AG06,Conseiller patrimonial,20
CO030,Inès Morin,AG06,Conseiller professionnels,18
CO031,Thomas Perrin,AG06,Conseiller particuliers,14
CO032,Mathieu Roux,AG06,Conseiller particuliers,4
CO033,Chloé Duval,AG06,Conseiller particuliers,17
CO034,Kevin Dubois,AG07,Conseiller patrimonial,21
CO035,Quentin Bonnet,AG07,Conseiller professionnels,20
CO036,Anaïs Mercier,AG07,Conseiller particuliers,6
CO037,Rayan Marie,AG07,Conseiller particuliers,9
CO038,Amandine Nicolas,AG07,Conseiller particuliers,21
CO039,Jade Giraud,AG08,Conseiller patrimonial,12
CO040,Kevin Perrin,AG08,Conseiller professionnels,6
CO041,Léa Guerin,AG08,Conseiller particuliers,19
CO042,Damien Nicolas,AG08,Conseiller particuliers,13
CO043,Clara Dumont,AG08,Conseiller particuliers,8
CO044,Justine Marie,AG09,Conseiller patrimonial,1
CO045,Chloé Clement,AG09,Conseiller professionnels,12
CO046,Marion Denis,AG09,Conseiller particuliers,8
CO047,Yasmine Morin,AG09,Conseiller particuliers,15
CO048,Bastien Lambert,AG09,Conseiller particuliers,6
CO049,Inès Moreau,AG10,Conseiller patrimonial,16
CO050,Pauline Marchand,AG10,Conseiller professionnels,21
CO051,Julien Mathieu,AG10,Conseiller particuliers,19
CO052,Sofia Barbier,AG10,Conseiller particuliers,13
CO053,Émilie Mercier,AG10,Conseiller particuliers,19
CO054,Inès Martin,AG11,Conseiller patrimonial,7
CO055,Océane Blanc,AG11,Conseiller professionnels,5
CO056,Mathieu Guerin,AG11,Conseiller particuliers,13
CO057,Nadia Moreau,AG11,Conseiller particuliers,20
CO058,Lucas Mathieu,AG11,Conseiller particuliers,1
CO059,Inès Barbier,AG11,Conseiller particuliers,2
CO060,Cédric Giraud,AG12,Conseiller patrimonial,15
CO061,Inès Roussel,AG12,Conseiller professionnels,10
CO062,Aïcha Henry,AG12,Conseiller particuliers,7
CO063,Léa Morin,AG12,Conseiller particuliers,12
