date,id_agence,famille,objectif_pnb
2025-01-01,AG01,Assurance,3927.0
2025-01-01,AG01,Crédit,19812.0
2025-01-01,AG01,Services,8752.0
2025-01-01,AG01,Épargne,5803.0
2025-02-01,AG01,Assurance,5317.0
2025-02-01,AG01,Crédit,20538.0
2025-02-01,AG01,Services,6454.0
2025-02-01,AG01,Épargne,3856.0
2025-03-01,AG01,Assurance,6060.0
2025-03-01,AG01,Crédit,21506.0
2025-03-01,AG01,Services,5697.0
2025-03-01,AG01,Épargne,7908.0
2025-04-01,AG01,Assurance,5649.0
2025-04-01,AG01,Crédit,37590.0
2025-04-01,AG01,Services,7040.0
2025-04-01,AG01,Épargne,4417.0
2025-05-01,AG01,Assurance,2797.0
2025-05-01,AG01,Crédit,37506.0
2025-05-01,AG01,Services,5133.0
2025-05-01,AG01,Épargne,3741.0
2025-06-01,AG01,Assurance,4271.0
2025-06-01,AG01,Crédit,22085.0
2025-06-01,AG01,Services,4113.0
2025-06-01,AG01,Épargne,4060.0
2025-07-01,AG01,Assurance,5020.0
2025-07-01,AG01,Crédit,27419.0
2025-07-01,AG01,Services,5635.0
2025-07-01,AG01,Épargne,5016.0
2025-08-01,AG01,Assurance,3432.0
2025-08-01,AG01,Crédit,13352.0
2025-08-01,AG01,Services,3635.0
2025-08-01,AG01,Épargne,2038.0
2025-09-01,AG01,Assurance,5990.0
2025-09-01,AG01,Crédit,15503.0
2025-09-01,AG01,Services,10543.0
2025-09-01,AG01,Épargne,2374.0
2025-10-01,AG01,Assurance,4141.0
2025-10-01,AG01,Crédit,31450.0
2025-10-01,AG01,Services,8227.0
2025-10-01,AG01,Épargne,3951.0
2025-11-01,AG01,Assurance,3215.0
2025-11-01,AG01,Crédit,21124.0
2025-11-01,AG01,Services,7386.0
2025-11-01,AG01,Épargne,3625.0
2025-12-01,AG01,Assurance,4068.0
2025-12-01,AG01,Crédit,24529.0
2025-12-01,AG01,Services,5977.0
2025-12-01,AG01,Épargne,2994.0
2025-01-01,AG02,Assurance,5640.0
2025-01-01,AG02,Crédit,16366.0
2025-01-01,AG02,Services,9346.0
2025-01-01,AG02,Épargne,5772.0
2025-02-01,AG02,Assurance,4616.0
2025-02-01,AG02,Crédit,27675.0
2025-02-01,AG02,Services,9105.0
2025-02-01,AG02,Épargne,3219.0
2025-03-01,AG02,Assurance,5915.0
2025-03-01,AG02,Crédit,46291.0
2025-03-01,AG02,Services,8166.0
2025-03-01,AG02,Épargne,8224.0
2025-04-01,AG02,Assurance,6352.0
2025-04-01,AG02,Crédit,39820.0
2025-04-01,AG02,Services,14172.0
2025-04-01,AG02,Épargne,5387.0
2025-05-01,AG02,Assurance,4219.0
2025-05-01,AG02,Crédit,33485.0
2025-05-01,AG02,Services,7404.0
2025-05-01,AG02,Épargne,8893.0
2025-06-01,AG02,Assurance,4777.0
2025-06-01,AG02,Crédit,29378.0
2025-06-01,AG02,Services,8861.0
2025-06-01,AG02,Épargne,5548.0
2025-07-01,AG02,Assurance,6020.0
2025-07-01,AG02,Crédit,22219.0
2025-07-01,AG02,Services,6067.0
2025-07-01,AG02,Épargne,5768.0
2025-08-01,AG02,Assurance,4039.0
2025-08-01,AG02,Crédit,13413.0
2025-08-01,AG02,Services,6136.0
2025-08-01,AG02,Épargne,2385.0
2025-09-01,AG02,Assurance,6794.0
2025-09-01,AG02,Crédit,37683.0
2025-09-01,AG02,Services,9650.0
2025-09-01,AG02,Épargne,7353.0
2025-10-01,AG02,Assurance,6671.0
2025-10-01,AG02,Crédit,34214.0
2025-10-01,AG02,Services,8894.0
2025-10-01,AG02,Épargne,7067.0
2025-11-01,AG02,Assurance,6443.0
2025-11-01,AG02,Crédit,34656.0
2025-11-01,AG02,Services,11797.0
2025-11-01,AG02,Épargne,5602.0
2025-12-01,AG02,Assurance,5698.0
2025-12-01,AG02,Crédit,45172.0
2025-12-01,AG02,Services,11719.0
2025-12-01,AG02,Épargne,5983.0
2025-01-01,AG03,Assurance,5471.0
2025-01-01,AG03,Crédit,19660.0
2025-01-01,AG03,Services,3117.0
2025-01-01,AG03,Épargne,3674.0
2025-02-01,AG03,Assurance,4386.0
2025-02-01,AG03,Crédit,15321.0
2025-02-01,AG03,Services,8635.0
2025-02-01,AG03,Épargne,5721.0
2025-03-01,AG03,Assurance,3660.0
2025-03-01,AG03,Crédit,25807.0
2025-03-01,AG03,Services,7526.0
2025-03-01,AG03,Épargne,4134.0
2025-04-01,AG03,Assurance,4930.0
2025-04-01,AG03,Crédit,30710.0
2025-04-01,AG03,Services,9040.0
2025-04-01,AG03,Épargne,7217.0
2025-05-01,AG03,Assurance,2884.0
2025-05-01,AG03,Crédit,31786.0
2025-05-01,AG03,Services,8430.0
2025-05-01,AG03,Épargne,5787.0
2025-06-01,AG03,Assurance,4651.0
2025-06-01,AG03,Crédit,29623.0
2025-06-01,AG03,Services,4793.0
2025-06-01,AG03,Épargne,6910.0
2025-07-01,AG03,Assurance,2815.0
2025-07-01,AG03,Crédit,22056.0
2025-07-01,AG03,Services,2966.0
2025-07-01,AG03,Épargne,6320.0
2025-08-01,AG03,Assurance,3216.0
2025-08-01,AG03,Crédit,7272.0
2025-08-01,AG03,Services,5257.0
2025-08-01,AG03,Épargne,2681.0
2025-09-01,AG03,Assurance,3423.0
2025-09-01,AG03,Crédit,25512.0
2025-09-01,AG03,Services,10563.0
2025-09-01,AG03,Épargne,4723.0
2025-10-01,AG03,Assurance,4349.0
2025-10-01,AG03,Crédit,16287.0
2025-10-01,AG03,Services,9822.0
2025-10-01,AG03,Épargne,4156.0
2025-11-01,AG03,Assurance,2362.0
2025-11-01,AG03,Crédit,23694.0
2025-11-01,AG03,Services,6536.0
2025-11-01,AG03,Épargne,6364.0
2025-12-01,AG03,Assurance,4710.0
2025-12-01,AG03,Crédit,17074.0
2025-12-01,AG03,Services,7934.0
2025-12-01,AG03,Épargne,4125.0
2025-01-01,AG04,Assurance,3605.0
2025-01-01,AG04,Crédit,15973.0
2025-01-01,AG04,Services,2749.0
2025-01-01,AG04,Épargne,1975.0
2025-02-01,AG04,Assurance,3922.0
2025-02-01,AG04,Crédit,17228.0
2025-02-01,AG04,Services,7309.0
2025-02-01,AG04,Épargne,3296.0
2025-03-01,AG04,Assurance,3127.0
2025-03-01,AG04,Crédit,23285.0
2025-03-01,AG04,Services,4245.0
2025-03-01,AG04,Épargne,3941.0
2025-04-01,AG04,Assurance,3469.0
2025-04-01,AG04,Crédit,17466.0
2025-04-01,AG04,Services,3665.0
2025-04-01,AG04,Épargne,4402.0
2025-05-01,AG04,Assurance,2441.0
2025-05-01,AG04,Crédit,20351.0
2025-05-01,AG04,Services,4025.0
2025-05-01,AG04,Épargne,2464.0
2025-06-01,AG04,Assurance,3412.0
2025-06-01,AG04,Crédit,17340.0
2025-06-01,AG04,Services,6543.0
2025-06-01,AG04,Épargne,7446.0
2025-07-01,AG04,Assurance,1711.0
2025-07-01,AG04,Crédit,13974.0
2025-07-01,AG04,Services,4729.0
2025-07-01,AG04,Épargne,2113.0
2025-08-01,AG04,Assurance,1403.0
2025-08-01,AG04,Crédit,11198.0
2025-08-01,AG04,Services,4259.0
2025-08-01,AG04,Épargne,4293.0
2025-09-01,AG04,Assurance,1914.0
2025-09-01,AG04,Crédit,16402.0
2025-09-01,AG04,Services,3284.0
2025-09-01,AG04,Épargne,1934.0
2025-10-01,AG04,Assurance,3631.0
2025-10-01,AG04,Crédit,15392.0
2025-10-01,AG04,Services,8381.0
2025-10-01,AG04,Épargne,3441.0
2025-11-01,AG04,Assurance,5812.0
2025-11-01,AG04,Crédit,6055.0
2025-11-01,AG04,Services,3059.0
2025-11-01,AG04,Épargne,2659.0
2025-12-01,AG04,Assurance,3516.0
2025-12-01,AG04,Crédit,10650.0
2025-12-01,AG04,Services,2659.0
2025-12-01,AG04,Épargne,1432.0
2025-01-01,AG05,Assurance,3384.0
2025-01-01,AG05,Crédit,24101.0
2025-01-01,AG05,Services,5737.0
2025-01-01,AG05,Épargne,1818.0
2025-02-01,AG05,Assurance,4309.0
2025-02-01,AG05,Crédit,31026.0
2025-02-01,AG05,Services,8997.0
2025-02-01,AG05,Épargne,5343.0
2025-03-01,AG05,Assurance,3952.0
2025-03-01,AG05,Crédit,28518.0
2025-03-01,AG05,Services,8189.0
2025-03-01,AG05,Épargne,3254.0
2025-04-01,AG05,Assurance,3527.0
2025-04-01,AG05,Crédit,16161.0
2025-04-01,AG05,Services,11144.0
2025-04-01,AG05,Épargne,6351.0
2025-05-01,AG05,Assurance,3902.0
2025-05-01,AG05,Crédit,30694.0
2025-05-01,AG05,Services,7102.0
2025-05-01,AG05,Épargne,2536.0
2025-06-01,AG05,Assurance,3634.0
2025-06-01,AG05,Crédit,17322.0
2025-06-01,AG05,Services,8242.0
2025-06-01,AG05,Épargne,5065.0
2025-07-01,AG05,Assurance,3196.0
2025-07-01,AG05,Crédit,13060.0
2025-07-01,AG05,Services,4665.0
2025-07-01,AG05,Épargne,2578.0
2025-08-01,AG05,Assurance,983.0
2025-08-01,AG05,Crédit,13098.0
2025-08-01,AG05,Services,2872.0
2025-08-01,AG05,Épargne,5650.0
2025-09-01,AG05,Assurance,4781.0
2025-09-01,AG05,Crédit,31167.0
2025-09-01,AG05,Services,8966.0
2025-09-01,AG05,Épargne,3610.0
2025-10-01,AG05,Assurance,5481.0
2025-10-01,AG05,Crédit,30039.0
2025-10-01,AG05,Services,2471.0
2025-10-01,AG05,Épargne,5843.0
2025-11-01,AG05,Assurance,5374.0
2025-11-01,AG05,Crédit,12827.0
2025-11-01,AG05,Services,9811.0
2025-11-01,AG05,Épargne,4485.0
2025-12-01,AG05,Assurance,3609.0
2025-12-01,AG05,Crédit,11445.0
2025-12-01,AG05,Services,9432.0
2025-12-01,AG05,Épargne,3780.0
2025-01-01,AG06,Assurance,3071.0
2025-01-01,AG06,Crédit,16716.0
2025-01-01,AG06,Services,6367.0
2025-01-01,AG06,Épargne,4526.0
2025-02-01,AG06,Assurance,3554.0
2025-02-01,AG06,Crédit,16369.0
2025-02-01,AG06,Services,10192.0
2025-02-01,AG06,Épargne,4681.0
2025-03-01,AG06,Assurance,2892.0
2025-03-01,AG06,Crédit,22301.0
2025-03-01,AG06,Services,4679.0
2025-03-01,AG06,Épargne,3077.0
2025-04-01,AG06,Assurance,2765.0
2025-04-01,AG06,Crédit,19739.0
2025-04-01,AG06,Services,6820.0
2025-04-01,AG06,Épargne,5427.0
2025-05-01,AG06,Assurance,3264.0
2025-05-01,AG06,Crédit,11756.0
2025-05-01,AG06,Services,5605.0
2025-05-01,AG06,Épargne,3003.0
2025-06-01,AG06,Assurance,2559.0
2025-06-01,AG06,Crédit,8647.0
2025-06-01,AG06,Services,5064.0
2025-06-01,AG06,Épargne,2839.0
2025-07-01,AG06,Assurance,4866.0
2025-07-01,AG06,Crédit,9142.0
2025-07-01,AG06,Services,5811.0
2025-07-01,AG06,Épargne,3351.0
2025-08-01,AG06,Assurance,1889.0
2025-08-01,AG06,Crédit,7143.0
2025-08-01,AG06,Services,5258.0
2025-08-01,AG06,Épargne,1194.0
2025-09-01,AG06,Assurance,3691.0
2025-09-01,AG06,Crédit,26823.0
2025-09-01,AG06,Services,7036.0
2025-09-01,AG06,Épargne,5216.0
2025-10-01,AG06,Assurance,3843.0
2025-10-01,AG06,Crédit,12823.0
2025-10-01,AG06,Services,6093.0
2025-10-01,AG06,Épargne,3802.0
2025-11-01,AG06,Assurance,3191.0
2025-11-01,AG06,Crédit,22638.0
2025-11-01,AG06,Services,4760.0
2025-11-01,AG06,Épargne,3662.0
2025-12-01,AG06,Assurance,3295.0
2025-12-01,AG06,Crédit,29269.0
2025-12-01,AG06,Services,5116.0
2025-12-01,AG06,Épargne,3606.0
2025-01-01,AG07,Assurance,2323.0
2025-01-01,AG07,Crédit,13149.0
2025-01-01,AG07,Services,8072.0
2025-01-01,AG07,Épargne,3526.0
2025-02-01,AG07,Assurance,2568.0
2025-02-01,AG07,Crédit,21181.0
2025-02-01,AG07,Services,3693.0
2025-02-01,AG07,Épargne,5857.0
2025-03-01,AG07,Assurance,4097.0
2025-03-01,AG07,Crédit,16385.0
2025-03-01,AG07,Services,4376.0
2025-03-01,AG07,Épargne,2354.0
2025-04-01,AG07,Assurance,3295.0
2025-04-01,AG07,Crédit,21276.0
2025-04-01,AG07,Services,6552.0
2025-04-01,AG07,Épargne,2939.0
2025-05-01,AG07,Assurance,2095.0
2025-05-01,AG07,Crédit,16557.0
2025-05-01,AG07,Services,5506.0
2025-05-01,AG07,Épargne,4874.0
2025-06-01,AG07,Assurance,2543.0
2025-06-01,AG07,Crédit,22557.0
2025-06-01,AG07,Services,8051.0
2025-06-01,AG07,Épargne,2406.0
2025-07-01,AG07,Assurance,3150.0
2025-07-01,AG07,Crédit,18746.0
2025-07-01,AG07,Services,5886.0
2025-07-01,AG07,Épargne,1109.0
2025-08-01,AG07,Assurance,2784.0
2025-08-01,AG07,Crédit,24483.0
2025-08-01,AG07,Services,3814.0
2025-08-01,AG07,Épargne,1283.0
2025-09-01,AG07,Assurance,4737.0
2025-09-01,AG07,Crédit,20329.0
2025-09-01,AG07,Services,6048.0
2025-09-01,AG07,Épargne,2563.0
2025-10-01,AG07,Assurance,4182.0
2025-10-01,AG07,Crédit,20182.0
2025-10-01,AG07,Services,6149.0
2025-10-01,AG07,Épargne,2922.0
2025-11-01,AG07,Assurance,4585.0
2025-11-01,AG07,Crédit,23304.0
2025-11-01,AG07,Services,6577.0
2025-11-01,AG07,Épargne,2620.0
2025-12-01,AG07,Assurance,2267.0
2025-12-01,AG07,Crédit,19872.0
2025-12-01,AG07,Services,2514.0
2025-12-01,AG07,Épargne,3435.0
2025-01-01,AG08,Assurance,2744.0
2025-01-01,AG08,Crédit,10899.0
2025-01-01,AG08,Services,4894.0
2025-01-01,AG08,Épargne,3165.0
2025-02-01,AG08,Assurance,2159.0
2025-02-01,AG08,Crédit,18734.0
2025-02-01,AG08,Services,5978.0
2025-02-01,AG08,Épargne,3203.0
2025-03-01,AG08,Assurance,3081.0
2025-03-01,AG08,Crédit,13776.0
2025-03-01,AG08,Services,10862.0
2025-03-01,AG08,Épargne,3515.0
2025-04-01,AG08,Assurance,3331.0
2025-04-01,AG08,Crédit,6479.0
2025-04-01,AG08,Services,6619.0
2025-04-01,AG08,Épargne,4804.0
2025-05-01,AG08,Assurance,3663.0
2025-05-01,AG08,Crédit,24465.0
2025-05-01,AG08,Services,6293.0
2025-05-01,AG08,Épargne,3825.0
2025-06-01,AG08,Assurance,3382.0
2025-06-01,AG08,Crédit,11061.0
2025-06-01,AG08,Services,3808.0
2025-06-01,AG08,Épargne,8940.0
2025-07-01,AG08,Assurance,2486.0
2025-07-01,AG08,Crédit,12647.0
2025-07-01,AG08,Services,4980.0
2025-07-01,AG08,Épargne,1588.0
2025-08-01,AG08,Assurance,1173.0
2025-08-01,AG08,Crédit,16746.0
2025-08-01,AG08,Services,2924.0
2025-08-01,AG08,Épargne,2786.0
2025-09-01,AG08,Assurance,3999.0
2025-09-01,AG08,Crédit,14743.0
2025-09-01,AG08,Services,7037.0
2025-09-01,AG08,Épargne,4208.0
2025-10-01,AG08,Assurance,3761.0
2025-10-01,AG08,Crédit,11444.0
2025-10-01,AG08,Services,4106.0
2025-10-01,AG08,Épargne,4631.0
2025-11-01,AG08,Assurance,3009.0
2025-11-01,AG08,Crédit,22752.0
2025-11-01,AG08,Services,6609.0
2025-11-01,AG08,Épargne,5232.0
2025-12-01,AG08,Assurance,2540.0
2025-12-01,AG08,Crédit,20637.0
2025-12-01,AG08,Services,7995.0
2025-12-01,AG08,Épargne,6069.0
2025-01-01,AG09,Assurance,2009.0
2025-01-01,AG09,Crédit,9059.0
2025-01-01,AG09,Services,2813.0
2025-01-01,AG09,Épargne,2715.0
2025-02-01,AG09,Assurance,1539.0
2025-02-01,AG09,Crédit,5382.0
2025-02-01,AG09,Services,3232.0
2025-02-01,AG09,Épargne,5523.0
2025-03-01,AG09,Assurance,1116.0
2025-03-01,AG09,Crédit,8479.0
2025-03-01,AG09,Services,3490.0
2025-03-01,AG09,Épargne,1781.0
2025-04-01,AG09,Assurance,2422.0
2025-04-01,AG09,Crédit,13790.0
2025-04-01,AG09,Services,5265.0
2025-04-01,AG09,Épargne,3975.0
2025-05-01,AG09,Assurance,1872.0
2025-05-01,AG09,Crédit,15181.0
2025-05-01,AG09,Services,3048.0
2025-05-01,AG09,Épargne,2639.0
2025-06-01,AG09,Assurance,2501.0
2025-06-01,AG09,Crédit,14847.0
2025-06-01,AG09,Services,3293.0
2025-06-01,AG09,Épargne,2894.0
2025-07-01,AG09,Assurance,3112.0
2025-07-01,AG09,Crédit,12375.0
2025-07-01,AG09,Services,5000.0
2025-07-01,AG09,Épargne,4418.0
2025-08-01,AG09,Assurance,1276.0
2025-08-01,AG09,Crédit,10529.0
2025-08-01,AG09,Services,1423.0
2025-08-01,AG09,Épargne,2853.0
2025-09-01,AG09,Assurance,2215.0
2025-09-01,AG09,Crédit,9692.0
2025-09-01,AG09,Services,5977.0
2025-09-01,AG09,Épargne,4284.0
2025-10-01,AG09,Assurance,2488.0
2025-10-01,AG09,Crédit,5968.0
2025-10-01,AG09,Services,4203.0
2025-10-01,AG09,Épargne,1301.0
2025-11-01,AG09,Assurance,3351.0
2025-11-01,AG09,Crédit,13211.0
2025-11-01,AG09,Services,4187.0
2025-11-01,AG09,Épargne,2403.0
2025-12-01,AG09,Assurance,3439.0
2025-12-01,AG09,Crédit,4978.0
2025-12-01,AG09,Services,3196.0
2025-12-01,AG09,Épargne,1654.0
2025-01-01,AG10,Assurance,1656.0
2025-01-01,AG10,Crédit,8440.0
2025-01-01,AG10,Services,1966.0
2025-01-01,AG10,Épargne,5294.0
2025-02-01,AG10,Assurance,1107.0
2025-02-01,AG10,Crédit,13996.0
2025-02-01,AG10,Services,3929.0
2025-02-01,AG10,Épargne,2519.0
2025-03-01,AG10,Assurance,2320.0
2025-03-01,AG10,Crédit,21277.0
2025-03-01,AG10,Services,5535.0
2025-03-01,AG10,Épargne,1992.0
2025-04-01,AG10,Assurance,1850.0
2025-04-01,AG10,Crédit,11318.0
2025-04-01,AG10,Services,6546.0
2025-04-01,AG10,Épargne,1854.0
2025-05-01,AG10,Assurance,1687.0
2025-05-01,AG10,Crédit,12295.0
2025-05-01,AG10,Services,2426.0
2025-05-01,AG10,Épargne,3326.0
2025-06-01,AG10,Assurance,2540.0
2025-06-01,AG10,Crédit,13492.0
2025-06-01,AG10,Services,3441.0
2025-06-01,AG10,Épargne,2445.0
2025-07-01,AG10,Assurance,2511.0
2025-07-01,AG10,Crédit,11873.0
2025-07-01,AG10,Services,4786.0
2025-07-01,AG10,Épargne,2445.0
2025-08-01,AG10,Assurance,552.0
2025-08-01,AG10,Crédit,11797.0
2025-08-01,AG10,Services,2092.0
2025-08-01,AG10,Épargne,1551.0
2025-09-01,AG10,Assurance,1167.0
2025-09-01,AG10,Crédit,6010.0
2025-09-01,AG10,Services,4182.0
2025-09-01,AG10,Épargne,1691.0
2025-10-01,AG10,Assurance,1379.0
2025-10-01,AG10,Crédit,5396.0
2025-10-01,AG10,Services,3799.0
2025-10-01,AG10,Épargne,1309.0
2025-11-01,AG10,Assurance,1347.0
2025-11-01,AG10,Crédit,12971.0
2025-11-01,AG10,Services,4911.0
2025-11-01,AG10,Épargne,4008.0
2025-12-01,AG10,Assurance,2404.0
2025-12-01,AG10,Crédit,11156.0
2025-12-01,AG10,Services,4651.0
2025-12-01,AG10,Épargne,1927.0
2025-01-01,AG11,Assurance,2242.0
2025-01-01,AG11,Crédit,21427.0
2025-01-01,AG11,Services,6474.0
2025-01-01,AG11,Épargne,2603.0
2025-02-01,AG11,Assurance,2891.0
2025-02-01,AG11,Crédit,25293.0
2025-02-01,AG11,Services,5967.0
2025-02-01,AG11,Épargne,2849.0
2025-03-01,AG11,Assurance,3113.0
2025-03-01,AG11,Crédit,22646.0
2025-03-01,AG11,Services,5050.0
2025-03-01,AG11,Épargne,2795.0
2025-04-01,AG11,Assurance,4366.0
2025-04-01,AG11,Crédit,44969.0
2025-04-01,AG11,Services,8134.0
2025-04-01,AG11,Épargne,3344.0
2025-05-01,AG11,Assurance,3197.0
2025-05-01,AG11,Crédit,26812.0
2025-05-01,AG11,Services,5318.0
2025-05-01,AG11,Épargne,2201.0
2025-06-01,AG11,Assurance,4307.0
2025-06-01,AG11,Crédit,19280.0
2025-06-01,AG11,Services,6397.0
2025-06-01,AG11,Épargne,5134.0
2025-07-01,AG11,Assurance,1289.0
2025-07-01,AG11,Crédit,16366.0
2025-07-01,AG11,Services,6912.0
2025-07-01,AG11,Épargne,3674.0
2025-08-01,AG11,Assurance,2720.0
2025-08-01,AG11,Crédit,13916.0
2025-08-01,AG11,Services,3840.0
2025-08-01,AG11,Épargne,1346.0
2025-09-01,AG11,Assurance,4702.0
2025-09-01,AG11,Crédit,27668.0
2025-09-01,AG11,Services,7095.0
2025-09-01,AG11,Épargne,3123.0
2025-10-01,AG11,Assurance,4376.0
2025-10-01,AG11,Crédit,29805.0
2025-10-01,AG11,Services,7870.0
2025-10-01,AG11,Épargne,4563.0
2025-11-01,AG11,Assurance,3447.0
2025-11-01,AG11,Crédit,30909.0
2025-11-01,AG11,Services,6011.0
2025-11-01,AG11,Épargne,3758.0
2025-12-01,AG11,Assurance,3538.0
2025-12-01,AG11,Crédit,18836.0
2025-12-01,AG11,Services,7999.0
2025-12-01,AG11,Épargne,5209.0
2025-01-01,AG12,Assurance,1680.0
2025-01-01,AG12,Crédit,9897.0
2025-01-01,AG12,Services,2093.0
2025-01-01,AG12,Épargne,2927.0
2025-02-01,AG12,Assurance,1217.0
2025-02-01,AG12,Crédit,8027.0
2025-02-01,AG12,Services,4861.0
2025-02-01,AG12,Épargne,2159.0
2025-03-01,AG12,Assurance,1241.0
2025-03-01,AG12,Crédit,20090.0
2025-03-01,AG12,Services,4233.0
2025-03-01,AG12,Épargne,2229.0
2025-04-01,AG12,Assurance,1507.0
2025-04-01,AG12,Crédit,7116.0
2025-04-01,AG12,Services,3537.0
2025-04-01,AG12,Épargne,4080.0
2025-05-01,AG12,Assurance,2804.0
2025-05-01,AG12,Crédit,9042.0
2025-05-01,AG12,Services,3711.0
2025-05-01,AG12,Épargne,1772.0
2025-06-01,AG12,Assurance,1540.0
2025-06-01,AG12,Crédit,9194.0
2025-06-01,AG12,Services,2703.0
2025-06-01,AG12,Épargne,2883.0
2025-07-01,AG12,Assurance,1233.0
2025-07-01,AG12,Crédit,12850.0
2025-07-01,AG12,Services,2209.0
2025-07-01,AG12,Épargne,3873.0
2025-08-01,AG12,Assurance,1292.0
2025-08-01,AG12,Crédit,11962.0
2025-08-01,AG12,Services,1580.0
2025-08-01,AG12,Épargne,2453.0
2025-09-01,AG12,Assurance,1502.0
2025-09-01,AG12,Crédit,9133.0
2025-09-01,AG12,Services,4339.0
2025-09-01,AG12,Épargne,1489.0
2025-10-01,AG12,Assurance,2466.0
2025-10-01,AG12,Crédit,7691.0
2025-10-01,AG12,Services,3088.0
2025-10-01,AG12,Épargne,2701.0
2025-11-01,AG12,Assurance,829.0
2025-11-01,AG12,Crédit,14529.0
2025-11-01,AG12,Services,5616.0
2025-11-01,AG12,Épargne,2197.0
2025-12-01,AG12,Assurance,1522.0
2025-12-01,AG12,Crédit,6934.0
2025-12-01,AG12,Services,1950.0
2025-12-01,AG12,Épargne,3137.0
